id2;id1;start2;end2;start1;end1;subseqDP;hybridDP;E;Etotal;ED2;ED1;Pu2;Pu1;seedStart2;seedEnd2;seedStart1;seedEnd1;seedE
TCONS_00542118;ENST00000379565.9;374;414;4234;4274;CUGGGUGACAGAGUGAGACUCUGUCUCAAGAAGGAAAAAAA&UUUUUUUUUUUUUUGAGACAGAGUUUCGCUCUUUCGCCCAG;((((((((.((((((((((((((((((((((((((((((((&)))))))))))))))))))))))))))))))).))))))));-35.65;99820.3;9.28;15.63;2.88926e-07;9.68764e-12;388:386:387:390:408:385:389:384:407:391:383:382:392:399:379;394:392:393:396:414:391:395:390:413:397:389:388:398:405:385;4254:4256:4255:4252:4234:4257:4253:4258:4235:4251:4259:4260:4250:4243:4263;4260:4262:4261:4258:4240:4263:4259:4264:4241:4257:4265:4266:4256:4249:4269;-5.12:-4.53:-4.32:-3.37:-2.86:-2.76:-2.57:-2.2:-1.66:-1.37:-1.1:-1.07:-0.91:-0.58:-0.11
TCONS_00542118;ENST00000379565.9;363;414;4234;4293;CUGGGUGACAGAGUGAGACUCUGUCUCAAGAAGGAAAAAAAAAAAAAAGAAUGUACUCAU&AUGAUUUAUUCUUUUUUUUUUUUUUGAGACAGAGUUUCGCUCUUUCGCCCAG;((((((((.(((((((((((((((((((((((.......((((((((((((((...((((&))))..))))))))))))))))))))))))))))))))))))).))))))));-35.03;99820.9;10.86;17.67;2.22551e-08;3.53768e-13;388:386:387:390:408:385:389:372:384:373:371:370:407:369:391:383:392:399;394:392:393:396:414:391:395:378:390:379:377:376:413:375:397:389:398:405;4254:4256:4255:4252:4234:4257:4253:4277:4258:4276:4278:4279:4235:4280:4251:4259:4250:4243;4260:4262:4261:4258:4240:4263:4259:4283:4264:4282:4284:4285:4241:4286:4257:4265:4256:4249;-5.12:-4.53:-4.32:-3.37:-2.86:-2.76:-2.57:-2.3:-2.2:-1.96:-1.77:-1.7:-1.66:-1.55:-1.37:-1.1:-0.91:-0.58
TCONS_00542118;ENST00000379565.9;363;414;4234;4293;CUGGGUGACAGAGUGAGACUCUGUCUCAAGAAGGAAAAAAAAAAAAAAGAAUGUACUCAU&AUGAUUUAUUCUUUUUUUUUUUUUUGAGACAGAGUUUCGCUCUUUCGCCCAG;((((((((.((((((((((((((((((((.......(((((((((((((((((...((((&))))..))))))))))))))))))))))))))))))))))))).))))))));-34.93;99821.1;10.86;17.67;2.22551e-08;3.53768e-13;388:386:387:390:408:389:372:373:371:370:407:369:391:392:399:379:378:377;394:392:393:396:414:395:378:379:377:376:413:375:397:398:405:385:384:383;4254:4256:4255:4252:4234:4253:4277:4276:4278:4279:4235:4280:4251:4250:4243:4270:4271:4272;4260:4262:4261:4258:4240:4259:4283:4282:4284:4285:4241:4286:4257:4256:4249:4276:4277:4278;-5.12:-4.53:-4.32:-3.37:-2.86:-2.57:-2.3:-1.96:-1.77:-1.7:-1.66:-1.55:-1.37:-0.91:-0.58:-0.51:-0.49:-0.05
