id2;id1;start2;end2;start1;end1;subseqDP;hybridDP;E;Etotal;ED2;ED1;Pu2;Pu1;seedStart2;seedEnd2;seedStart1;seedEnd1;seedE
TCONS_00590782;ENST00000542869.3;2950;2984;2911;2945;GCCAACCGUGUCACGAAUAUAAUAAACUCUCAUCA&UGGUGAGAGUGUGGGUGUGAGUGACAUGUGUGGGU;(((.((((((((((..((((.....((((((((((&))))))))))....))))..)))))))).)).)));-26.7;199973;7.44;1.83;5.71946e-06;0.0513427;2953:2952:2950:2951:2970:2971;2959:2958:2956:2957:2976:2977;2936:2937:2939:2938:2918:2917;2942:2943:2945:2944:2924:2923;-7.21:-6.61:-6.38:-6.22:-5.02:-3.68
TCONS_00590782;ENST00000542869.3;2950;2985;2910;2945;UGCCAACCGUGUCACGAAUAUAAUAAACUCUCAUCA&UGGUGAGAGUGUGGGUGUGAGUGACAUGUGUGGGUG;((((.((((((((((..((((.....((((((((((&))))))))))....))))..)))))))).)).))));-26.18;199974;7.45;1.83;5.62741e-06;0.0513427;2953:2952:2950:2951:2970:2971;2959:2958:2956:2957:2976:2977;2936:2937:2939:2938:2918:2917;2942:2943:2945:2944:2924:2923;-7.21:-6.61:-6.38:-6.22:-5.02:-3.68
TCONS_00590782;ENST00000542869.3;2951;2984;2911;2944;GCCAACCGUGUCACGAAUAUAAUAAACUCUCAUC&GGUGAGAGUGUGGGUGUGAGUGACAUGUGUGGGU;(((.((((((((((..((((.....(((((((((&)))))))))....))))..)))))))).)).)));-25.76;199974;7.44;1.73;5.71946e-06;0.0603871;2953:2952:2951:2970:2971;2959:2958:2957:2976:2977;2936:2937:2938:2918:2917;2942:2943:2944:2924:2923;-7.21:-6.61:-6.22:-5.02:-3.68
